{
  "config_path": "/tmp/rtg_stability_server.yaml",
  "run_dir": "/home/rxb/rt_gesture/workspace/logs/2026-03-09_12-56-14",
  "duration_requested_sec": 180.0,
  "duration_observed_sec": 181.94342124000832,
  "sample_interval_sec": 1.0,
  "required_chunks": 9010,
  "chunk_size": 40,
  "counts": {
    "probabilities": 8744,
    "gesture_event": 2,
    "heartbeat": 173
  },
  "latency_stats": {
    "transport_ms": {
      "count": 8746,
      "mean": 2.276791218842899,
      "p95": 0.239,
      "max": 801.351
    },
    "infer_ms": {
      "count": 8746,
      "mean": 1.2198876057626344,
      "p95": 1.232,
      "max": 3.531
    },
    "post_ms": {
      "count": 2,
      "mean": 0.1765,
      "p95": 0.18595,
      "max": 0.187
    },
    "pipeline_ms": {
      "count": 8746,
      "mean": 3.74066716213126,
      "p95": 1.711,
      "max": 802.584
    }
  },
  "memory_stats": {
    "samples": 177,
    "start_mb": 74.71484375,
    "end_mb": 3673.62890625,
    "peak_mb": 3673.62890625,
    "delta_mb": 3598.9140625
  },
  "inference_exit_code": 0,
  "simulator_exit_code": 0
}